date,unit_sales,year,month,day,day_of_week,week_of_year,quarter,is_weekend,lag_1,lag_7,lag_14,lag_30,rolling_mean_7,rolling_mean_30,rolling_std_7,rolling_std_30,dcoilwtico,is_holiday
2013-02-01,401.0,2013,2,1,4,5,1,0,282.0,389.0,60.0,582.0,456.2857142857143,514.8,153.2728659240484,238.09884936505998,97.46,False
2013-02-02,775.0,2013,2,2,5,5,1,1,401.0,697.0,667.0,310.0,467.42857142857144,530.3,174.98653009384927,239.43858905998104,97.46,False
2013-02-03,855.0,2013,2,3,6,5,1,1,775.0,616.0,1090.0,338.0,501.57142857142856,547.5333333333333,224.9813748904984,243.68828779651145,97.46,False
2013-02-04,411.0,2013,2,4,0,6,1,0,855.0,318.0,760.0,654.0,514.8571428571429,539.4333333333333,214.85221942180658,244.06566150615447,96.21,False
2013-02-05,272.0,2013,2,5,1,6,1,0,411.0,393.0,461.0,979.0,497.57142857142856,515.8666666666667,230.58176940285696,234.08762481590952,96.68,False
2013-02-06,461.0,2013,2,6,2,6,1,0,272.0,487.0,413.0,541.0,493.85714285714283,513.2,230.98948646452024,234.24705496253458,96.44,False
2013-02-07,397.0,2013,2,7,3,6,1,0,461.0,282.0,326.0,434.0,510.2857142857143,511.96666666666664,217.0811785835843,234.7752385659062,95.84,False
2013-02-08,226.0,2013,2,8,4,6,1,0,397.0,401.0,389.0,593.0,485.2857142857143,499.73333333333335,240.5706509432063,239.91261819215782,95.71,False
2013-02-09,377.0,2013,2,9,5,6,1,1,226.0,775.0,697.0,700.0,428.42857142857144,488.96666666666664,205.10473515000143,237.85412558429854,95.71,False
2013-02-10,356.0,2013,2,10,6,6,1,1,377.0,855.0,616.0,726.0,357.14285714285717,476.6333333333333,81.77087617529837,234.7114858910731,95.71,False
2013-02-11,407.0,2013,2,11,0,7,1,0,356.0,411.0,318.0,631.0,356.57142857142856,469.1666666666667,81.34465182759202,233.18944249676917,97.01,True
2013-02-12,469.0,2013,2,12,1,7,1,0,407.0,272.0,393.0,679.0,384.7142857142857,462.1666666666667,81.2869696111944,229.80067574903396,97.48,True
2013-02-13,277.0,2013,2,13,2,7,1,0,469.0,461.0,487.0,683.0,358.42857142857144,448.6333333333333,82.25135691455493,228.2970665048341,97.03,False
2013-02-14,280.0,2013,2,14,3,7,1,0,277.0,397.0,282.0,547.0,341.7142857142857,439.73333333333335,84.95040569986233,229.53114631011798,97.3,False
2013-02-15,304.0,2013,2,15,4,7,1,0,280.0,226.0,401.0,265.0,352.85714285714283,441.03333333333336,71.25407256531125,228.6159983742251,95.95,False
2013-02-16,576.0,2013,2,16,5,7,1,1,304.0,377.0,775.0,4.0,381.2857142857143,460.1,111.06711827496277,214.3156470062887,95.95,False
2013-02-17,395.0,2013,2,17,6,7,1,1,576.0,356.0,855.0,60.0,386.85714285714283,471.26666666666665,110.56435316355811,201.06799901994614,95.95,False
2013-02-18,417.0,2013,2,18,0,8,1,0,395.0,407.0,411.0,667.0,388.2857142857143,462.93333333333334,110.93198259250835,197.8306369588397,95.95,False
2013-02-19,244.0,2013,2,19,1,8,1,0,417.0,469.0,272.0,1090.0,356.14285714285717,434.73333333333335,116.12267733081241,162.5055825743107,96.69,False
2013-02-20,339.0,2013,2,20,2,8,1,0,244.0,277.0,461.0,760.0,365.0,420.7,111.3463066293615,151.23540681950803,94.92,False
2013-02-21,457.0,2013,2,21,3,8,1,0,339.0,280.0,397.0,461.0,390.2857142857143,420.56666666666666,108.89706804396181,151.20041126867386,92.79,False
2013-02-22,186.0,2013,2,22,4,8,1,0,457.0,304.0,226.0,413.0,373.42857142857144,413.0,131.30734574889118,157.15487638763813,93.12,False
2013-02-23,497.0,2013,2,23,5,8,1,1,186.0,576.0,377.0,326.0,362.14285714285717,418.7,113.13182365634046,156.9915767562509,93.12,False
2013-02-24,509.0,2013,2,24,6,8,1,1,497.0,395.0,356.0,389.0,378.42857142857144,422.7,126.11087336527406,157.73573491433558,93.12,False
2013-02-25,441.0,2013,2,25,0,9,1,0,509.0,417.0,407.0,697.0,381.85714285714283,414.1666666666667,127.65112425595528,149.0713976898165,92.74,False
2013-02-26,550.0,2013,2,26,1,9,1,0,441.0,244.0,469.0,616.0,425.57142857142856,411.96666666666664,124.93979502525303,146.45406089973406,92.63,False
2013-02-27,388.0,2013,2,27,2,9,1,0,550.0,339.0,277.0,318.0,432.57142857142856,414.3,120.5775782679029,145.4595926828076,92.84,False
2013-02-28,316.0,2013,2,28,3,9,1,0,388.0,457.0,280.0,393.0,412.42857142857144,411.73333333333335,127.40075502504773,146.52384373066798,92.03,False
2013-03-01,305.0,2013,3,1,4,9,1,0,316.0,186.0,304.0,487.0,429.42857142857144,405.6666666666667,96.2927085208718,147.06680005412824,90.71,False
2013-03-02,627.0,2013,3,2,5,9,1,1,305.0,497.0,576.0,282.0,448.0,417.1666666666667,120.89113560003707,150.5115606359109,90.71,True
2013-03-03,853.0,2013,3,3,6,9,1,1,627.0,509.0,395.0,401.0,497.14285714285717,432.23333333333335,196.25105398564395,170.1761122937127,90.71,False
2013-03-04,554.0,2013,3,4,0,10,1,0,853.0,441.0,417.0,775.0,513.2857142857143,424.8666666666667,195.5093469937044,159.25986860200044,90.13,False
2013-03-05,487.0,2013,3,5,1,10,1,0,554.0,550.0,244.0,855.0,504.2857142857143,412.6,194.98693484924755,137.70022412522772,90.88,False
2013-03-06,458.0,2013,3,6,2,10,1,0,487.0,388.0,339.0,411.0,514.2857142857143,414.1666666666667,189.75397605470982,137.94853696424158,90.47,False
2013-03-07,566.0,2013,3,7,3,10,1,0,458.0,316.0,457.0,272.0,550.0,423.96666666666664,168.55661758985713,137.94363749893213,91.53,False
2013-03-08,361.0,2013,3,8,4,10,1,0,566.0,305.0,186.0,461.0,558.0,420.6333333333333,155.83966119059681,138.22582306110374,92.01,False
2013-03-09,549.0,2013,3,9,5,10,1,1,361.0,627.0,497.0,397.0,546.8571428571429,425.7,152.84352409291947,140.10270863019477,92.01,False
2013-03-10,591.0,2013,3,10,6,10,1,1,549.0,853.0,509.0,226.0,509.42857142857144,437.8666666666667,80.19321904595382,137.99518565648518,92.01,False
2013-03-11,296.0,2013,3,11,0,11,1,0,591.0,554.0,441.0,377.0,472.57142857142856,435.1666666666667,110.0315971934984,140.0049465464391,92.07,False
2013-03-12,213.0,2013,3,12,1,11,1,0,296.0,487.0,550.0,356.0,433.42857142857144,430.4,146.67748877822243,145.13361263760157,92.44,False
2013-03-13,620.0,2013,3,13,2,11,1,0,213.0,458.0,388.0,407.0,456.57142857142856,437.5,163.06528052987122,149.10508906877357,92.47,False
2013-03-14,388.0,2013,3,14,3,11,1,0,620.0,566.0,316.0,469.0,431.14285714285717,434.8,156.9197550463592,149.24832350470646,93.03,False
2013-03-15,240.0,2013,3,15,4,11,1,0,388.0,361.0,305.0,277.0,413.85714285714283,433.56666666666666,171.8850668047577,150.7426862944414,93.49,False
2013-03-16,779.0,2013,3,16,5,11,1,1,240.0,549.0,627.0,280.0,446.7142857142857,450.2,217.85906322338602,160.43247585929984,93.49,False
2013-03-17,695.0,2013,3,17,6,11,1,1,779.0,591.0,853.0,304.0,461.57142857142856,463.23333333333335,232.39969674597026,163.98857894069482,93.49,False
2013-03-18,465.0,2013,3,18,0,12,1,0,695.0,296.0,554.0,576.0,485.7142857142857,459.53333333333336,220.8224885028048,162.60290817548878,93.71,False
2013-03-19,418.0,2013,3,19,1,12,1,0,465.0,213.0,487.0,395.0,515.0,460.3,190.08068462278493,162.34215676178803,92.44,False
2013-03-20,522.0,2013,3,20,2,12,1,0,418.0,620.0,458.0,417.0,501.0,463.8,184.5878291401321,162.50822790840786,93.21,False
2013-03-21,241.0,2013,3,21,3,12,1,0,522.0,388.0,566.0,244.0,480.0,463.7,206.63171747499604,162.64900860441787,92.46,False
2013-03-22,353.0,2013,3,22,4,12,1,0,241.0,240.0,361.0,339.0,496.14285714285717,464.1666666666667,188.36350369381395,162.29859313417762,93.41,False
2013-03-23,544.0,2013,3,23,5,12,1,1,353.0,779.0,549.0,457.0,462.57142857142856,467.06666666666666,145.64666965280142,162.94211651176417,93.41,False
2013-03-24,529.0,2013,3,24,6,12,1,1,544.0,695.0,591.0,186.0,438.85714285714283,478.5,110.8533995440647,154.34729089587722,93.41,False
2013-03-25,413.0,2013,3,25,0,13,1,0,529.0,465.0,296.0,497.0,431.42857142857144,475.7,110.55143168507088,154.76147386576363,94.55,False
2013-03-26,300.0,2013,3,26,1,13,1,0,413.0,418.0,213.0,509.0,414.57142857142856,468.73333333333335,121.40408716741048,157.88339943164368,95.99,False
2013-03-27,353.0,2013,3,27,2,13,1,0,300.0,522.0,620.0,441.0,390.42857142857144,465.8,112.99241441037314,159.2281815292238,96.53,False
2013-03-28,594.0,2013,3,28,3,13,1,0,353.0,241.0,388.0,550.0,440.85714285714283,467.26666666666665,113.95529616393168,160.22999274390747,97.24,False
2013-03-29,575.0,2013,3,29,4,13,1,0,594.0,353.0,240.0,388.0,472.57142857142856,473.5,116.29682876567306,160.67674766866332,97.24,False
2013-03-30,577.0,2013,3,30,5,13,1,1,575.0,544.0,779.0,316.0,477.2857142857143,482.2,120.27567540961056,158.9110356186105,97.24,False
2013-03-31,643.0,2013,3,31,6,13,1,1,577.0,529.0,695.0,305.0,493.57142857142856,493.46666666666664,135.23295597210137,157.89318373908463,97.24,False
2013-04-01,431.0,2013,4,1,0,14,2,0,643.0,413.0,465.0,627.0,496.14285714285717,486.93333333333334,133.60692169124118,156.22352097474663,97.1,True
2013-04-02,527.0,2013,4,2,1,14,2,0,431.0,300.0,418.0,853.0,528.5714285714286,476.06666666666666,101.83623641719593,140.4212709433059,97.23,False
2013-04-03,463.0,2013,4,3,2,14,2,0,527.0,353.0,522.0,554.0,544.2857142857143,473.03333333333336,75.24341451962046,139.66054495129234,95.02,False
2013-04-04,305.0,2013,4,4,3,14,2,0,463.0,594.0,241.0,487.0,503.0,466.96666666666664,113.15476127852483,142.9471769651253,93.26,False
2013-04-05,415.0,2013,4,5,4,14,2,0,305.0,575.0,353.0,458.0,480.14285714285717,465.53333333333336,112.34385989960809,143.25543459230397,92.76,False
2013-04-06,972.0,2013,4,6,5,14,2,1,415.0,577.0,544.0,566.0,536.5714285714286,479.06666666666666,218.31922891556232,169.79316694210598,92.76,False
2013-04-07,936.0,2013,4,7,6,14,2,1,972.0,643.0,529.0,361.0,578.4285714285714,498.23333333333335,265.1828659264252,187.53292737696674,92.76,False
2013-04-08,369.0,2013,4,8,0,15,2,0,936.0,431.0,413.0,549.0,569.5714285714286,492.23333333333335,271.8785618266957,188.72835492851348,93.36,False
2013-04-09,458.0,2013,4,9,1,15,2,0,369.0,527.0,300.0,591.0,559.7142857142857,487.8,274.91314645763686,187.88852160715967,94.18,False
2013-04-10,386.0,2013,4,10,2,15,2,0,458.0,463.0,353.0,296.0,548.7142857142857,490.8,280.90313531281816,185.4227973931561,94.59,False
2013-04-11,235.0,2013,4,11,3,15,2,0,386.0,305.0,594.0,213.0,538.7142857142857,491.53333333333336,292.0500609403088,184.3264969321132,93.44,False
2013-04-12,358.0,2013,4,12,4,15,2,0,235.0,415.0,575.0,620.0,530.5714285714286,482.8,296.82983741691527,184.23661697524395,91.23,True
2013-04-13,789.0,2013,4,13,5,15,2,1,358.0,972.0,577.0,388.0,504.42857142857144,496.1666666666667,256.83643117936424,191.5240298839508,91.23,False
2013-04-14,506.0,2013,4,14,6,15,2,1,789.0,936.0,643.0,240.0,443.0,505.03333333333336,174.7016504405911,185.3123148174143,91.23,True
2013-04-15,413.0,2013,4,15,0,16,2,0,506.0,369.0,431.0,779.0,449.2857142857143,492.8333333333333,172.37141515316452,178.57927503286697,88.75,False
2013-04-16,372.0,2013,4,16,1,16,2,0,413.0,458.0,527.0,695.0,437.0,482.06666666666666,174.69592630243693,175.683676028789,88.73,False
2013-04-17,400.0,2013,4,17,2,16,2,0,372.0,386.0,463.0,465.0,439.0,479.9,174.09384442497236,176.3011432278539,86.65,False
2013-04-18,283.0,2013,4,18,3,16,2,0,400.0,235.0,305.0,418.0,445.85714285714283,475.4,165.45032343216906,179.6271233646964,87.83,False
2013-04-19,376.0,2013,4,19,4,16,2,0,283.0,358.0,415.0,522.0,448.42857142857144,470.53333333333336,163.99070821528946,180.29759562596985,88.04,False
2013-04-20,647.0,2013,4,20,5,16,2,1,376.0,789.0,972.0,241.0,428.14285714285717,484.06666666666666,116.8466638682622,177.6930583576796,88.04,False
2013-04-21,683.0,2013,4,21,6,16,2,1,647.0,506.0,936.0,353.0,453.42857142857144,495.06666666666666,150.7391313305392,179.50466967959795,88.04,True
2013-04-22,408.0,2013,4,22,0,17,2,0,683.0,413.0,369.0,544.0,452.7142857142857,490.53333333333336,150.97429614089256,179.9430433514302,88.81,False
2013-04-23,400.0,2013,4,23,1,17,2,0,408.0,372.0,458.0,529.0,456.7142857142857,486.23333333333335,148.8351596965737,180.5324850571761,89.21,False
2013-04-24,493.0,2013,4,24,2,17,2,0,400.0,400.0,386.0,413.0,470.0,488.9,147.0691447358459,180.00351529134468,91.07,False
2013-04-25,219.0,2013,4,25,3,17,2,0,493.0,283.0,235.0,300.0,460.85714285714283,486.2,161.87590779300473,183.50803797109262,93.27,False
2013-04-26,491.0,2013,4,26,4,17,2,0,219.0,376.0,358.0,353.0,477.2857142857143,490.8,157.6078617811877,181.7754203633589,92.63,False
2013-04-27,755.0,2013,4,27,5,17,2,1,491.0,647.0,789.0,594.0,492.7142857142857,496.1666666666667,180.59966250034353,187.22236149476944,92.63,False
2013-04-28,719.0,2013,4,28,6,17,2,1,755.0,683.0,506.0,575.0,497.85714285714283,500.96666666666664,187.3093951829684,191.11857365364116,92.63,False
2013-04-29,411.0,2013,4,29,0,18,2,0,719.0,408.0,413.0,577.0,498.2857142857143,495.43333333333334,187.0728149551345,191.24432528580542,94.09,True
2013-04-30,369.0,2013,4,30,1,18,2,0,411.0,400.0,372.0,643.0,493.85714285714283,486.3,190.12927932631197,190.4952076508252,93.22,False
2013-05-01,705.0,2013,5,1,2,18,2,0,369.0,493.0,400.0,431.0,524.1428571428571,495.43333333333334,206.17745477414064,194.28324210008313,90.74,True
2013-05-02,327.0,2013,5,2,3,18,2,0,705.0,219.0,283.0,527.0,539.5714285714286,488.76666666666665,182.18201259807643,196.58054124302913,93.7,False
2013-05-03,350.0,2013,5,3,4,18,2,0,327.0,491.0,376.0,463.0,519.4285714285714,485.0,195.73779837907048,198.16746662251649,95.25,False
2013-05-04,774.0,2013,5,4,5,18,2,1,350.0,755.0,647.0,305.0,522.1428571428571,500.6333333333333,199.64170286743567,201.94135088040355,95.25,False
2013-05-05,715.0,2013,5,5,6,18,2,1,774.0,719.0,683.0,415.0,521.5714285714286,510.6333333333333,198.98899227751014,204.95995964449062,95.25,False
2013-05-06,416.0,2013,5,6,0,19,2,0,715.0,411.0,408.0,972.0,522.2857142857143,492.1,198.53439188690888,186.07012953036886,95.8,False
2013-05-07,351.0,2013,5,7,1,19,2,0,416.0,369.0,400.0,936.0,519.7142857142857,472.6,200.9524937936942,167.6917533390686,95.28,False
2013-05-08,418.0,2013,5,8,2,19,2,0,351.0,705.0,493.0,369.0,478.7142857142857,474.23333333333335,185.5350050401217,166.88457364160482,96.24,False
2013-05-09,323.0,2013,5,9,3,19,2,0,418.0,327.0,219.0,458.0,478.14285714285717,469.73333333333335,186.0854898260727,169.1422444292812,96.09,False
2013-05-10,318.0,2013,5,10,4,19,2,0,323.0,350.0,491.0,386.0,473.57142857142856,467.46666666666664,190.10773887707006,170.75102530783866,95.81,False
2013-05-11,666.0,2013,5,11,5,19,2,1,318.0,774.0,755.0,235.0,458.14285714285717,481.8333333333333,164.29184253580385,168.63592355320873,95.81,True
2013-05-12,548.0,2013,5,12,6,19,2,1,666.0,715.0,719.0,358.0,434.2857142857143,488.1666666666667,129.141671928821,167.38806518929619,95.81,True
2013-05-13,331.0,2013,5,13,0,20,2,0,548.0,416.0,411.0,789.0,422.14285714285717,472.9,135.01040524274163,159.7144758408061,94.76,False
2013-05-14,409.0,2013,5,14,1,20,2,0,331.0,351.0,369.0,506.0,430.42857142857144,469.6666666666667,131.65467094240213,160.00287353741456,93.96,False
2013-05-15,471.0,2013,5,15,2,20,2,0,409.0,418.0,705.0,413.0,438.0,471.6,132.34298873255992,159.64456209622847,93.95,False
2013-05-16,252.0,2013,5,16,3,20,2,0,471.0,323.0,327.0,372.0,427.85714285714283,467.6,144.76351816143455,163.67853270653887,94.85,False
2013-05-17,423.0,2013,5,17,4,20,2,0,252.0,318.0,350.0,400.0,442.85714285714283,468.3666666666667,136.69848642350073,163.40461381519177,95.72,False
2013-05-18,600.0,2013,5,18,5,20,2,1,423.0,666.0,774.0,283.0,433.42857142857144,478.93333333333334,119.99841268791374,161.23958043498678,95.72,False
2013-05-19,758.0,2013,5,19,6,20,2,1,600.0,548.0,715.0,376.0,463.42857142857144,491.6666666666667,169.46863735694254,167.7813300479039,95.72,False
2013-05-20,399.0,2013,5,20,0,21,2,0,758.0,331.0,416.0,647.0,473.14285714285717,483.4,162.4145196417982,165.96376837669447,96.29,False
2013-05-21,444.0,2013,5,21,1,21,2,0,399.0,409.0,351.0,683.0,478.14285714285717,475.43333333333334,160.63979225939858,161.73449578378995,95.55,False
2013-05-22,455.0,2013,5,22,2,21,2,0,444.0,471.0,418.0,408.0,475.85714285714283,477.0,160.87202840708323,161.28578191606306,93.98,False
2013-05-23,372.0,2013,5,23,3,21,2,0,455.0,252.0,323.0,400.0,493.0,476.06666666666666,137.77759856619133,161.82684090342246,94.12,False
2013-05-24,532.0,2013,5,24,4,21,2,0,372.0,423.0,318.0,493.0,508.57142857142856,477.3666666666667,134.67226532444968,162.12393797452555,93.84,True
2013-05-25,392.0,2013,5,25,5,21,2,1,532.0,600.0,666.0,219.0,478.85714285714283,483.1333333333333,134.08259714497902,155.56099443146323,93.84,False
2013-05-26,532.0,2013,5,26,6,21,2,1,392.0,758.0,548.0,491.0,446.57142857142856,484.5,65.16097283614025,155.81238718407462,93.84,False
2013-05-27,291.0,2013,5,27,0,22,2,0,532.0,399.0,331.0,755.0,431.14285714285717,469.03333333333336,87.32015531255844,150.990176280887,93.84,False
2013-05-28,293.0,2013,5,28,1,22,2,0,291.0,444.0,409.0,719.0,409.57142857142856,454.8333333333333,101.1679414683928,146.6403254820149,94.65,False
2013-05-29,420.0,2013,5,29,2,22,2,0,293.0,455.0,471.0,411.0,404.57142857142856,455.1333333333333,99.397949581227,146.55674041448776,93.13,False
2013-05-30,271.0,2013,5,30,3,22,2,0,420.0,372.0,252.0,369.0,390.14285714285717,451.8666666666667,111.50699316100881,149.60332223245751,93.57,False
2013-05-31,488.0,2013,5,31,4,22,2,0,271.0,532.0,423.0,705.0,383.85714285714283,444.6333333333333,103.10096761820063,141.99477487553563,91.93,False
2013-06-01,777.0,2013,6,1,5,22,2,1,488.0,392.0,600.0,327.0,438.85714285714283,459.6333333333333,181.24516413910013,152.51828230340655,91.93,False
2013-06-02,656.0,2013,6,2,6,22,2,1,777.0,532.0,758.0,350.0,456.57142857142856,469.8333333333333,197.22141292031543,155.1431115372876,91.93,False
2013-06-03,462.0,2013,6,3,0,23,2,0,656.0,291.0,399.0,774.0,481.0,459.43333333333334,183.4011995598717,144.11577800943368,93.41,False
2013-06-04,370.0,2013,6,4,1,23,2,0,462.0,293.0,444.0,715.0,492.0,447.93333333333334,172.21401414131944,136.58745672034948,93.36,False
2013-06-05,459.0,2013,6,5,2,23,2,0,370.0,420.0,455.0,416.0,497.57142857142856,449.3666666666667,170.11452724841666,136.46636148183904,93.66,False
2013-06-06,280.0,2013,6,6,3,23,2,0,459.0,271.0,372.0,351.0,498.85714285714283,447.0,168.13925634369102,138.82636140405634,94.71,False
2013-06-07,466.0,2013,6,7,4,23,2,0,280.0,488.0,532.0,418.0,495.7142857142857,448.6,168.58105299401632,138.75719304126062,96.11,False
2013-06-08,904.0,2013,6,8,5,23,2,1,466.0,777.0,392.0,323.0,513.8571428571429,467.96666666666664,206.47391164618384,159.60241190238156,96.11,False
2013-06-09,794.0,2013,6,9,6,23,2,1,904.0,656.0,532.0,318.0,533.5714285714286,483.8333333333333,227.79512516210488,167.63776287051158,96.11,False
2013-06-10,511.0,2013,6,10,0,24,2,0,794.0,462.0,291.0,666.0,540.5714285714286,478.6666666666667,225.97481949902965,164.18268490613892,95.82,False
2013-06-11,305.0,2013,6,11,1,24,2,0,511.0,370.0,293.0,548.0,531.2857142857143,470.56666666666666,235.29535643931592,166.6202958480921,95.5,False
2013-06-12,475.0,2013,6,12,2,24,2,0,305.0,459.0,420.0,331.0,533.5714285714286,475.3666666666667,234.55266440812895,164.52197910673027,95.98,False
2013-06-13,406.0,2013,6,13,3,24,2,0,475.0,280.0,271.0,409.0,551.5714285714286,475.26666666666665,215.9466424396369,164.5646154058586,96.66,False
2013-06-14,470.0,2013,6,14,4,24,2,0,406.0,466.0,488.0,471.0,552.1428571428571,475.23333333333335,215.68760478326718,164.56561071464793,97.83,False
2013-06-15,747.0,2013,6,15,5,24,2,1,470.0,904.0,777.0,252.0,529.7142857142857,491.73333333333335,177.8442336106836,166.21857926222927,97.83,False
2013-06-16,481.0,2013,6,16,6,24,2,1,747.0,794.0,656.0,423.0,485.0,493.6666666666667,134.35152895792902,165.728139107256,97.83,False
2013-06-17,424.0,2013,6,17,0,25,2,0,481.0,511.0,462.0,600.0,472.57142857142856,487.8,135.56407727572574,164.94751516352304,97.86,False
2013-06-18,560.0,2013,6,18,1,25,2,0,424.0,305.0,370.0,758.0,509.0,481.2,115.85910984179569,157.55905296876398,98.46,False
2013-06-19,361.0,2013,6,19,2,25,2,0,560.0,475.0,459.0,399.0,492.7142857142857,479.93333333333334,128.73191042591066,158.39321069857218,98.24,False
2013-06-20,335.0,2013,6,20,3,25,2,0,361.0,406.0,280.0,444.0,482.57142857142856,476.3,139.0837363399676,160.48227961044643,94.89,False
2013-06-21,473.0,2013,6,21,4,25,2,0,335.0,470.0,466.0,455.0,483.0,476.9,139.04315876734069,160.43353979032926,93.81,False
2013-06-22,502.0,2013,6,22,5,25,2,1,473.0,747.0,904.0,372.0,448.0,481.23333333333335,79.67433714816747,159.25379513332734,93.81,False
2013-06-23,770.0,2013,6,23,6,25,2,1,502.0,481.0,794.0,532.0,489.2857142857143,489.1666666666667,146.4874446106947,167.58036329152503,93.81,True
2013-06-24,484.0,2013,6,24,0,26,2,0,770.0,424.0,511.0,392.0,497.85714285714283,492.23333333333335,143.76071388645366,166.57972789966493,95.07,False
2013-06-25,345.0,2013,6,25,1,26,2,0,484.0,560.0,305.0,532.0,467.14285714285717,486.0,151.05344371163056,168.52770160094312,95.25,True
2013-06-26,555.0,2013,6,26,2,26,2,0,345.0,361.0,475.0,291.0,494.85714285714283,494.8,146.04728523258981,164.8467208630803,95.47,False
2013-06-27,352.0,2013,6,27,3,26,2,0,555.0,335.0,406.0,293.0,497.2857142857143,496.76666666666665,143.05676528999956,162.69406095879572,97.0,False
2013-06-28,374.0,2013,6,28,4,26,2,0,352.0,473.0,470.0,420.0,483.14285714285717,495.23333333333335,150.5550049776142,163.65642803379762,96.36,False
2013-06-29,489.0,2013,6,29,5,26,2,1,374.0,502.0,747.0,271.0,481.2857142857143,502.5,150.36368609221444,158.10226938980622,96.36,False
2013-06-30,669.0,2013,6,30,6,26,2,1,489.0,770.0,481.0,488.0,466.85714285714283,508.53333333333336,119.77677650728492,160.95763703391086,96.36,False
2013-07-01,422.0,2013,7,1,0,27,3,0,669.0,484.0,424.0,777.0,458.0,496.7,120.58745097784103,153.41248207095921,97.94,False
2013-07-02,421.0,2013,7,2,1,27,3,0,422.0,345.0,560.0,656.0,468.85714285714283,488.8666666666667,111.82043428555185,150.9783572828108,99.65,False
2013-07-03,510.0,2013,7,3,2,27,3,0,421.0,555.0,361.0,462.0,462.42857142857144,490.46666666666664,107.24249335479041,150.9381543440279,101.92,True
2013-07-04,463.0,2013,7,4,3,27,3,0,510.0,352.0,335.0,370.0,478.2857142857143,493.56666666666666,95.78746314230271,149.32507545927947,101.92,False
2013-07-05,439.0,2013,7,5,4,27,3,0,463.0,374.0,473.0,459.0,487.57142857142856,492.9,86.71381501401972,149.52922675909343,103.09,False
2013-07-06,590.0,2013,7,6,5,27,3,1,439.0,489.0,502.0,280.0,502.0,503.23333333333335,94.99824559783514,144.95057025100633,103.09,False
2013-07-07,665.0,2013,7,7,6,27,3,1,590.0,669.0,770.0,466.0,501.42857142857144,509.8666666666667,93.83115534983915,147.71494760898912,103.09,False
2013-07-08,265.0,2013,7,8,0,28,3,0,665.0,422.0,484.0,904.0,479.0,488.56666666666666,128.3835399626184,134.3925499098233,103.03,False
2013-07-09,393.0,2013,7,9,1,28,3,0,265.0,421.0,345.0,794.0,475.0,475.2,130.90327217707954,122.37066360179963,103.46,False
2013-07-10,550.0,2013,7,10,2,28,3,0,393.0,510.0,555.0,511.0,480.7142857142857,476.5,133.532410904262,122.96978883253082,106.41,False
2013-07-11,262.0,2013,7,11,3,28,3,0,550.0,463.0,352.0,305.0,452.0,475.06666666666666,157.4462871373384,125.26686914642318,104.77,False
2013-07-12,397.0,2013,7,12,4,28,3,0,262.0,439.0,374.0,475.0,446.0,472.46666666666664,158.81855475143072,126.0751645901633,105.85,False
2013-07-13,466.0,2013,7,13,5,28,3,1,397.0,590.0,489.0,406.0,428.2857142857143,474.46666666666664,146.51929825761727,125.4588085535573,105.85,False
2013-07-14,449.0,2013,7,14,6,28,3,1,466.0,665.0,669.0,470.0,397.42857142857144,473.76666666666665,105.30726018475106,125.54314640471372,105.85,False
2013-07-15,484.0,2013,7,15,0,29,3,0,449.0,265.0,422.0,747.0,428.7142857142857,465.0,90.96100682108022,114.50252218273135,106.2,False
2013-07-16,443.0,2013,7,16,1,29,3,0,484.0,393.0,421.0,481.0,435.85714285714283,463.73333333333335,89.64267691122,114.52960265825365,105.88,False
2013-07-17,469.0,2013,7,17,2,29,3,0,443.0,550.0,510.0,424.0,424.2857142857143,465.23333333333335,76.75440114571889,114.28569263136079,106.39,False
2013-07-18,292.0,2013,7,18,3,29,3,0,469.0,262.0,463.0,560.0,428.57142857142856,456.3,66.30951953492215,117.06324550547819,107.94,False
2013-07-19,278.0,2013,7,19,4,29,3,0,292.0,397.0,439.0,361.0,411.57142857142856,453.53333333333336,87.5915847229946,120.32849673471692,108.0,False
2013-07-20,605.0,2013,7,20,5,29,3,1,278.0,466.0,590.0,335.0,431.42857142857144,462.53333333333336,113.8168955572307,121.2508751005273,108.0,False
2013-07-21,817.0,2013,7,21,6,29,3,1,605.0,449.0,665.0,473.0,484.0,474.0,185.62327440275342,137.45770509380387,108.0,False
2013-07-22,295.0,2013,7,22,0,30,3,0,817.0,484.0,265.0,502.0,457.0,467.1,198.8944443668547,141.14955384883132,106.61,False
2013-07-23,470.0,2013,7,23,1,30,3,0,295.0,443.0,393.0,770.0,460.85714285714283,457.1,198.83949018528168,129.05928870096872,107.13,True
2013-07-24,431.0,2013,7,24,2,30,3,0,470.0,469.0,550.0,484.0,455.42857142857144,455.3333333333333,199.09868335648426,129.0411143605103,105.41,True
2013-07-25,282.0,2013,7,25,3,30,3,0,431.0,292.0,262.0,345.0,454.0,453.23333333333335,200.49771403518096,131.38983410350713,105.47,True
2013-07-26,596.0,2013,7,26,4,30,3,0,282.0,278.0,397.0,555.0,499.42857142857144,454.6,189.70930142620566,132.6916570929347,104.76,False
2013-07-27,548.0,2013,7,27,5,30,3,1,596.0,605.0,466.0,352.0,491.2857142857143,461.1333333333333,185.60146756398416,132.29036332962824,104.76,False
2013-07-28,700.0,2013,7,28,6,30,3,1,548.0,817.0,449.0,374.0,474.57142857142856,472.0,153.9500537434753,138.1458499632506,104.76,False
2013-07-29,414.0,2013,7,29,0,31,3,0,700.0,295.0,484.0,489.0,491.57142857142856,469.5,136.38408648965958,138.50575738064535,104.61,False
2013-07-30,353.0,2013,7,30,1,31,3,0,414.0,470.0,443.0,669.0,474.85714285714283,458.96666666666664,146.27876192556485,134.77631106017296,103.14,False
2013-07-31,570.0,2013,7,31,2,31,3,0,353.0,431.0,469.0,422.0,494.7142857142857,463.9,148.7466686301624,136.07891979947922,105.1,False
2013-08-01,462.0,2013,8,1,3,31,3,0,570.0,282.0,292.0,421.0,520.4285714285714,465.26666666666665,118.28476535161087,135.83888360425584,107.93,False
2013-08-02,464.0,2013,8,2,4,31,3,0,462.0,596.0,278.0,510.0,501.57142857142856,463.73333333333335,114.69649390581048,135.57589383259008,106.94,False
2013-08-03,657.0,2013,8,3,5,31,3,1,464.0,548.0,605.0,463.0,517.1428571428571,470.2,128.60589485119303,140.09120182076458,106.94,False
2013-08-04,681.0,2013,8,4,6,31,3,1,657.0,700.0,817.0,439.0,514.4285714285714,478.26666666666665,124.22943443867199,145.11016821553275,106.94,False
2013-08-05,461.0,2013,8,5,0,32,3,0,681.0,414.0,295.0,590.0,521.1428571428571,473.96666666666664,119.05940894000267,143.58836840158702,106.61,True
2013-08-06,328.0,2013,8,6,1,32,3,0,461.0,353.0,470.0,665.0,517.5714285714286,462.73333333333335,125.16237073345557,141.29180695512275,105.32,False
2013-08-07,403.0,2013,8,7,2,32,3,0,328.0,570.0,431.0,265.0,493.7142857142857,467.3333333333333,129.34928718488558,136.8075248316945,104.41,False
2013-08-08,360.0,2013,8,8,3,32,3,0,403.0,462.0,282.0,393.0,479.14285714285717,466.23333333333335,138.9093572219288,137.55642938215505,103.45,False
2013-08-09,347.0,2013,8,9,4,32,3,0,360.0,464.0,596.0,550.0,462.42857142857144,459.46666666666664,147.79023100649198,138.28474704163077,106.04,False
2013-08-10,570.0,2013,8,10,5,32,3,1,347.0,657.0,548.0,262.0,450.0,469.73333333333335,131.4559495293634,134.5003354266637,106.04,True
2013-08-11,662.0,2013,8,11,6,32,3,1,570.0,681.0,700.0,397.0,447.2857142857143,478.56666666666666,125.97316418681389,138.2096566648014,106.04,False
2013-08-12,423.0,2013,8,12,0,33,3,0,662.0,461.0,414.0,466.0,441.85714285714283,477.1333333333333,126.10237715368174,138.56698450714111,106.19,False
2013-08-13,405.0,2013,8,13,1,33,3,0,423.0,328.0,353.0,449.0,452.85714285714283,475.6666666666667,117.58603739592583,139.10683895365514,106.78,False
2013-08-14,454.0,2013,8,14,2,33,3,0,405.0,403.0,570.0,484.0,460.14285714285717,474.6666666666667,115.54426074226306,139.152690467586,106.89,False
2013-08-15,339.0,2013,8,15,3,33,3,0,454.0,360.0,462.0,443.0,457.14285714285717,471.2,118.80436099098414,141.24847268017712,107.43,True
2013-08-16,469.0,2013,8,16,4,33,3,0,339.0,347.0,464.0,469.0,474.57142857142856,471.2,108.45099837078008,141.24847268017712,107.58,False
2013-08-17,495.0,2013,8,17,5,33,3,1,469.0,570.0,657.0,292.0,463.85714285714283,477.96666666666664,100.89339022193711,137.1712957138485,107.58,False
2013-08-18,681.0,2013,8,18,6,33,3,1,495.0,662.0,681.0,278.0,466.57142857142856,491.4,107.17253557209641,136.64517352718988,107.58,False
2013-08-19,376.0,2013,8,19,0,34,3,0,681.0,423.0,461.0,605.0,459.85714285714283,483.76666666666665,111.73246107171693,136.4765189689605,107.14,False
2013-08-20,338.0,2013,8,20,1,34,3,0,376.0,405.0,328.0,817.0,450.2857142857143,467.8,119.79387058013987,123.5543716694018,104.9,False
2013-08-21,330.0,2013,8,21,2,34,3,0,338.0,454.0,403.0,295.0,432.57142857142856,468.96666666666664,128.0375688913957,122.02218094952306,103.93,False
2013-08-22,358.0,2013,8,22,3,34,3,0,330.0,339.0,360.0,470.0,435.2857142857143,465.23333333333335,125.9069951534516,123.69140781726142,104.93,False
2013-08-23,347.0,2013,8,23,4,34,3,0,358.0,469.0,347.0,431.0,417.85714285714283,462.43333333333334,128.87129053365362,125.4315813868078,106.48,False
2013-08-24,644.0,2013,8,24,5,34,3,1,347.0,495.0,570.0,282.0,439.14285714285717,474.5,153.6580929330095,124.88636213884944,106.48,True
2013-08-25,813.0,2013,8,25,6,34,3,1,644.0,681.0,662.0,596.0,458.0,481.73333333333335,191.68115887240077,137.78442265523617,106.48,False
2013-08-26,636.0,2013,8,26,0,35,3,0,813.0,376.0,423.0,548.0,495.14285714285717,484.6666666666667,198.222458003988,140.16008909355264,105.88,False
2013-08-27,386.0,2013,8,27,1,35,3,0,636.0,338.0,405.0,700.0,502.0,474.2,192.6317730801436,135.16028798532446,109.11,False
2013-08-28,613.0,2013,8,28,2,35,3,0,386.0,330.0,454.0,414.0,542.4285714285714,480.8333333333333,179.7858514481948,136.97497464194288,110.17,False
2013-08-29,432.0,2013,8,29,3,35,3,0,613.0,358.0,339.0,353.0,553.0,483.46666666666664,168.98520645310938,135.18027129402577,108.51,False
2013-08-30,410.0,2013,8,30,4,35,3,0,432.0,347.0,469.0,570.0,562.0,478.1333333333333,157.4706321826391,134.80425996884188,107.98,False
2013-08-31,493.0,2013,8,31,5,35,3,1,410.0,644.0,495.0,462.0,540.4285714285714,479.1666666666667,154.68339400514964,134.79514043561605,107.98,False
2013-09-01,711.0,2013,9,1,6,35,3,1,493.0,813.0,681.0,464.0,525.8571428571429,487.4,127.0661619937011,141.22679241755688,107.98,False
2013-09-02,583.0,2013,9,2,0,36,3,0,711.0,636.0,376.0,657.0,518.2857142857143,484.93333333333334,120.83558290188387,138.78759095214107,107.98,False
2013-09-03,345.0,2013,9,3,1,36,3,0,583.0,386.0,338.0,681.0,512.4285714285714,473.73333333333335,129.0321111750314,135.94799546615005,108.67,False
2013-09-04,670.0,2013,9,4,2,36,3,0,345.0,613.0,330.0,461.0,520.5714285714286,480.7,137.92855293334182,140.5501873795043,107.29,False
2013-09-05,331.0,2013,9,5,3,36,3,0,670.0,432.0,358.0,328.0,506.14285714285717,480.8,153.1779233129766,140.43881966523892,108.5,False
2013-09-06,415.0,2013,9,6,4,36,3,0,331.0,410.0,347.0,403.0,506.85714285714283,481.2,152.66567893213414,140.22651625876236,110.62,False
2013-09-07,791.0,2013,9,7,5,36,3,1,415.0,493.0,644.0,360.0,549.4285714285714,495.56666666666666,186.05541929118604,149.17420580703921,110.62,False
2013-09-08,786.0,2013,9,8,6,36,3,1,791.0,711.0,813.0,347.0,560.1428571428571,510.2,198.6440942753552,155.49595847946736,110.62,False
2013-09-09,541.0,2013,9,9,0,37,3,0,786.0,583.0,636.0,570.0,554.1428571428571,509.23333333333335,198.4728600853935,155.20124495886486,109.62,False
2013-09-10,342.0,2013,9,10,1,37,3,0,541.0,345.0,386.0,662.0,553.7142857142857,498.56666666666666,199.00227325813333,155.33627223306326,107.48,False
2013-09-11,435.0,2013,9,11,2,37,3,0,342.0,670.0,613.0,423.0,520.1428571428571,498.96666666666664,195.91361069905994,155.15031273004206,107.65,False
2013-09-12,621.0,2013,9,12,3,37,3,0,435.0,331.0,432.0,405.0,561.5714285714286,506.1666666666667,179.19994153910613,155.65037818741408,108.72,False
2013-09-13,323.0,2013,9,13,4,37,3,0,621.0,415.0,410.0,454.0,548.4285714285714,501.8,194.46495583425576,158.96657640457968,108.31,False
2013-09-14,632.0,2013,9,14,5,37,3,1,323.0,791.0,493.0,339.0,525.7142857142857,511.56666666666666,169.03225953025867,157.61447582156185,108.31,False
2013-09-15,710.0,2013,9,15,6,37,3,1,632.0,786.0,711.0,469.0,514.8571428571429,519.6,151.00709538674934,161.46476075452873,108.31,False
2013-09-16,524.0,2013,9,16,0,38,3,0,710.0,541.0,583.0,495.0,512.4285714285714,520.5666666666667,150.6528649388576,161.39920166732713,106.54,False
2013-09-17,314.0,2013,9,17,1,38,3,0,524.0,342.0,345.0,681.0,508.42857142857144,508.3333333333333,156.20164013528256,162.72280922992363,105.36,False
2013-09-18,414.0,2013,9,18,2,38,3,0,314.0,435.0,670.0,376.0,505.42857142857144,509.6,158.0378194640521,161.80247643132756,108.23,False
2013-09-19,372.0,2013,9,19,3,38,3,0,414.0,621.0,331.0,338.0,469.85714285714283,510.73333333333335,155.69460338691712,160.67421167956772,106.26,False
2013-09-20,346.0,2013,9,20,4,38,3,0,372.0,323.0,415.0,330.0,473.14285714285717,511.26666666666665,152.2841954717432,160.0790609265509,104.7,False
2013-09-21,726.0,2013,9,21,5,38,3,1,346.0,632.0,791.0,358.0,486.57142857142856,523.5333333333333,171.5525741989482,162.01739654002947,104.7,False
2013-09-22,866.0,2013,9,22,6,38,3,1,726.0,710.0,786.0,347.0,508.85714285714283,540.8333333333334,211.00981696864912,170.02841209497953,104.7,False
2013-09-23,516.0,2013,9,23,0,39,3,0,866.0,524.0,541.0,644.0,507.7142857142857,536.5666666666667,210.93578350271608,168.9528976052064,103.62,False
2013-09-24,306.0,2013,9,24,1,39,3,0,516.0,314.0,342.0,813.0,506.57142857142856,519.6666666666666,212.17827185557664,165.67361626534486,103.22,False
2013-09-25,486.0,2013,9,25,2,39,3,0,306.0,414.0,435.0,636.0,516.8571428571429,514.6666666666666,208.65875536501252,164.299418290433,102.68,False
2013-09-26,428.0,2013,9,26,3,39,3,0,486.0,372.0,621.0,386.0,524.8571428571429,516.0666666666667,203.18089523987277,163.3413884947788,103.1,False
2013-09-27,370.0,2013,9,27,4,39,3,0,428.0,346.0,323.0,613.0,528.2857142857143,507.96666666666664,199.83469358923824,164.39051137424272,102.86,False
2013-09-28,609.0,2013,9,28,5,39,3,1,370.0,726.0,632.0,432.0,511.57142857142856,513.8666666666667,184.87460357663787,164.74593466457893,102.86,True
2013-09-29,764.0,2013,9,29,6,39,3,1,609.0,866.0,710.0,410.0,497.0,525.6666666666666,153.6695589026443,169.6544832244668,102.86,False
2013-09-30,416.0,2013,9,30,0,40,3,0,764.0,516.0,524.0,493.0,482.7142857142857,523.1,156.23562791044603,170.74468740157639,102.36,False
2013-10-01,336.0,2013,10,1,1,40,4,0,416.0,306.0,314.0,711.0,487.0,510.6,150.90062955468383,170.2403169558884,102.09,False
2013-10-02,407.0,2013,10,2,2,40,4,0,336.0,486.0,414.0,583.0,475.7142857142857,504.73333333333335,153.91200330677484,170.6912787569363,104.15,False
2013-10-03,303.0,2013,10,3,3,40,4,0,407.0,428.0,372.0,345.0,457.85714285714283,503.3333333333333,167.0602970700781,172.2120451819416,103.29,False
2013-10-04,550.0,2013,10,4,4,40,4,0,303.0,370.0,346.0,670.0,483.57142857142856,499.3333333333333,165.12506083052816,169.58088972793928,103.83,False
2013-10-05,678.0,2013,10,5,5,40,4,1,550.0,609.0,726.0,331.0,493.42857142857144,510.9,175.58839857543447,169.53737254556924,103.83,False
2013-10-06,719.0,2013,10,6,6,40,4,1,678.0,764.0,866.0,415.0,487.0,521.0333333333333,164.5053190629407,172.66401165135773,103.83,False
2013-10-07,515.0,2013,10,7,0,41,4,0,719.0,416.0,516.0,791.0,501.14285714285717,511.8333333333333,161.61417901020565,164.9647994496742,103.07,True
2013-10-08,346.0,2013,10,8,1,41,4,0,515.0,336.0,306.0,786.0,502.57142857142856,497.1666666666667,159.94671731846304,159.20797141135708,103.54,False
2013-10-09,601.0,2013,10,9,2,41,4,0,346.0,407.0,486.0,541.0,530.2857142857143,499.1666666666667,157.41422456448487,160.151670210661,101.63,True
2013-10-10,277.0,2013,10,10,3,41,4,0,601.0,303.0,428.0,342.0,526.5714285714286,497.0,163.8463275377847,162.76956421420655,103.08,False
2013-10-11,221.0,2013,10,11,4,41,4,0,277.0,550.0,370.0,435.0,479.57142857142856,489.8666666666667,199.34714874882366,170.10437634162932,102.17,True
2013-10-12,558.0,2013,10,12,5,41,4,1,221.0,678.0,609.0,621.0,462.42857142857144,487.76666666666665,184.00892835481005,168.81364614993873,102.17,False
2013-10-13,485.0,2013,10,13,6,41,4,1,558.0,719.0,764.0,323.0,429.0,493.1666666666667,147.20394016465679,165.92771241455233,102.17,False
2013-10-14,276.0,2013,10,14,0,42,4,0,485.0,515.0,416.0,632.0,394.85714285714283,481.3,151.5843313928235,168.36846907693342,102.46,False
2013-10-15,345.0,2013,10,15,1,42,4,0,276.0,346.0,336.0,710.0,394.7142857142857,469.1333333333333,151.63851125369803,164.41363592525062,101.15,False
2013-10-16,396.0,2013,10,16,2,42,4,0,345.0,601.0,407.0,524.0,365.42857142857144,464.8666666666667,122.07218785464123,164.60144829742276,102.34,False
2013-10-17,329.0,2013,10,17,3,42,4,0,396.0,277.0,303.0,314.0,372.85714285714283,465.3666666666667,117.28232116198348,164.1495288329878,100.72,False
2013-10-18,427.0,2013,10,18,4,42,4,0,329.0,221.0,550.0,414.0,402.2857142857143,465.8,96.90152094732355,164.02636457552185,100.87,False
2013-10-19,737.0,2013,10,19,5,42,4,1,427.0,558.0,678.0,372.0,427.85714285714283,477.96666666666664,152.50620596271722,170.2477876373207,100.87,False
2013-10-20,904.0,2013,10,20,6,42,4,1,737.0,485.0,719.0,346.0,487.7142857142857,496.56666666666666,237.31674634386434,185.16119414200134,100.87,False
2013-10-21,394.0,2013,10,21,0,43,4,0,904.0,276.0,515.0,726.0,504.57142857142856,485.5,223.56420192184697,180.84681076954936,99.28,False
2013-10-22,351.0,2013,10,22,1,43,4,0,394.0,345.0,346.0,866.0,505.42857142857144,468.3333333333333,222.86083635522945,167.42787089974874,97.63,False
2013-10-23,310.0,2013,10,23,2,43,4,0,351.0,396.0,601.0,516.0,493.14285714285717,461.46666666666664,232.07859916518834,169.61553550620712,96.9,False
2013-10-24,384.0,2013,10,24,3,43,4,0,310.0,329.0,277.0,306.0,501.0,464.06666666666666,226.45823750381285,167.7376714896852,96.65,False
2013-10-25,297.0,2013,10,25,4,43,4,0,384.0,427.0,221.0,486.0,482.42857142857144,457.76666666666665,238.54619199284164,170.4134289943405,97.4,False
2013-10-26,531.0,2013,10,26,5,43,4,1,297.0,737.0,558.0,428.0,453.0,461.2,213.27447104611446,170.83010313738905,97.4,False
2013-10-27,801.0,2013,10,27,6,43,4,1,531.0,904.0,485.0,370.0,438.2857142857143,475.56666666666666,177.53094968269053,180.73216673285907,97.4,False
2013-10-28,297.0,2013,10,28,0,44,4,0,801.0,394.0,276.0,609.0,424.42857142857144,465.1666666666667,185.1844640197595,181.76302938324577,98.74,False
2013-10-29,352.0,2013,10,29,1,44,4,0,297.0,351.0,345.0,764.0,424.57142857142856,451.43333333333334,185.11875210510757,173.7956952233307,98.29,False
2013-10-30,497.0,2013,10,30,2,44,4,0,352.0,310.0,396.0,416.0,451.2857142857143,454.1333333333333,179.22863823034723,173.85541621452688,96.81,False
2013-10-31,224.0,2013,10,31,3,44,4,0,497.0,384.0,329.0,336.0,428.42857142857144,450.4,198.41526918969453,177.64097849702148,96.29,False
2013-11-01,375.0,2013,11,1,4,44,4,0,224.0,297.0,427.0,407.0,439.57142857142856,449.3333333333333,191.88699551459695,178.00626361186679,94.56,False
2013-11-02,549.0,2013,11,2,5,44,4,1,375.0,531.0,737.0,303.0,442.14285714285717,457.53333333333336,193.43080465757282,176.6941119432174,94.56,True
2013-11-03,860.0,2013,11,3,6,44,4,1,549.0,801.0,904.0,550.0,450.57142857142856,467.8666666666667,212.06198554735272,190.7905031492762,94.56,True
2013-11-04,406.0,2013,11,4,0,45,4,0,860.0,297.0,394.0,678.0,466.14285714285717,458.8,202.7012815050992,186.88322003602792,94.58,False
2013-11-05,475.0,2013,11,5,1,45,4,0,406.0,352.0,351.0,719.0,483.7142857142857,450.6666666666667,196.39052445379858,180.36444586817348,93.4,False
2013-11-06,295.0,2013,11,6,2,45,4,0,475.0,497.0,310.0,515.0,454.85714285714283,443.3333333333333,208.5756685805165,182.12241683176626,94.74,True
2013-11-07,389.0,2013,11,7,3,45,4,0,295.0,224.0,384.0,346.0,478.42857142857144,444.76666666666665,186.26849540636854,181.49811119627674,94.25,True
2013-11-08,379.0,2013,11,8,4,45,4,0,389.0,375.0,297.0,601.0,479.0,437.3666666666667,185.9040971397169,179.42234576807726,94.56,False
2013-11-09,644.0,2013,11,9,5,45,4,1,379.0,549.0,531.0,277.0,492.57142857142856,449.6,195.1058320868079,180.61859223808858,94.56,False
2013-11-10,695.0,2013,11,10,6,45,4,1,644.0,860.0,801.0,221.0,469.0,465.4,147.46864073422506,180.66383337473806,94.56,True
2013-11-11,612.0,2013,11,11,0,46,4,0,695.0,406.0,297.0,558.0,498.42857142857144,467.2,153.2425714815752,181.88313792671633,95.13,True
2013-11-12,314.0,2013,11,12,1,46,4,0,612.0,475.0,352.0,485.0,475.42857142857144,461.5,168.65236152399112,183.97352695616183,93.12,True
2013-11-13,343.0,2013,11,13,2,46,4,0,314.0,295.0,497.0,276.0,482.2857142857143,463.73333333333335,160.89097166063956,182.04052851765852,93.91,False
2013-11-14,295.0,2013,11,14,3,46,4,0,343.0,389.0,224.0,345.0,468.85714285714283,462.06666666666666,173.41033088355147,183.38896543597738,93.76,False
2013-11-15,400.0,2013,11,15,4,46,4,0,295.0,379.0,375.0,396.0,471.85714285714283,462.2,171.77061115669002,183.3407229440724,93.8,False
2013-11-16,683.0,2013,11,16,5,46,4,1,400.0,644.0,549.0,329.0,477.42857142857144,474.0,178.77439893420328,185.84698934412634,93.8,False
2013-11-17,921.0,2013,11,17,6,46,4,1,683.0,695.0,860.0,427.0,509.7142857142857,490.46666666666664,235.89666825802792,202.6632561721508,93.8,False
2013-11-18,447.0,2013,11,18,0,47,4,0,921.0,612.0,406.0,737.0,486.14285714285717,480.8,232.18701411536665,197.34503304863154,93.03,False
2013-11-19,401.0,2013,11,19,1,47,4,0,447.0,314.0,475.0,904.0,498.57142857142856,464.03333333333336,223.60669127052603,180.8259752727281,93.35,False
2013-11-20,481.0,2013,11,20,2,47,4,0,401.0,343.0,295.0,394.0,518.2857142857143,466.93333333333334,213.45781338531057,180.36111923952257,93.34,False
2013-11-21,199.0,2013,11,21,3,47,4,0,481.0,295.0,389.0,351.0,504.57142857142856,461.8666666666667,232.43483469771124,185.78365863576886,95.35,False
2013-11-22,419.0,2013,11,22,4,47,4,0,199.0,400.0,379.0,310.0,507.2857142857143,465.5,231.11736865765423,183.76610884115883,94.53,False
2013-11-23,519.0,2013,11,23,5,47,4,1,419.0,683.0,644.0,384.0,483.85714285714283,470.0,218.29294428315694,183.35400092491128,94.53,False
2013-11-24,702.0,2013,11,24,6,47,4,1,519.0,921.0,695.0,297.0,452.57142857142856,483.5,150.3061954177282,185.07868783210867,94.53,False
2013-11-25,282.0,2013,11,25,0,48,4,0,702.0,447.0,612.0,531.0,429.0,475.2,163.66938219064235,188.4280526739124,93.86,False
2013-11-26,274.0,2013,11,26,1,48,4,0,282.0,401.0,314.0,801.0,410.85714285714283,457.6333333333333,174.00328404125804,181.4431578765918,93.41,False
2013-11-27,474.0,2013,11,27,2,48,4,0,274.0,481.0,343.0,297.0,409.85714285714283,463.53333333333336,173.55251709634192,178.89965080310026,92.05,False
2013-11-28,258.0,2013,11,28,3,48,4,0,474.0,199.0,295.0,352.0,418.2857142857143,460.4,162.6988161048034,181.72138583272323,92.05,False
2013-11-29,363.0,2013,11,29,4,48,4,0,258.0,419.0,400.0,497.0,410.2857142857143,455.93333333333334,164.0291785889672,182.4361831423256,92.55,False
2013-11-30,726.0,2013,11,30,5,48,4,1,363.0,519.0,683.0,224.0,439.85714285714283,472.6666666666667,201.31602732306922,183.4486366775467,92.55,False
2013-12-01,736.0,2013,12,1,6,48,4,1,726.0,702.0,921.0,375.0,444.7142857142857,484.7,208.95989590167295,188.58916303381025,92.55,False
2013-12-02,421.0,2013,12,2,0,49,4,0,736.0,282.0,447.0,549.0,464.57142857142856,480.43333333333334,197.19352350999168,188.53220402367057,93.61,False
2013-12-03,493.0,2013,12,3,1,49,4,0,421.0,274.0,401.0,860.0,495.85714285714283,468.2,178.3960281428452,174.4335462832923,95.83,False
2013-12-04,454.0,2013,12,4,2,49,4,0,493.0,474.0,481.0,406.0,493.0,469.8,178.96368346678597,174.06308804766624,96.97,False
2013-12-05,265.0,2013,12,5,3,49,4,0,454.0,258.0,199.0,475.0,494.0,462.8,177.44482710596728,178.02429125223898,97.14,True
2013-12-06,388.0,2013,12,6,4,49,4,0,265.0,363.0,419.0,295.0,497.57142857142856,465.9,174.59749630016367,175.79736571718985,97.48,True
2013-12-07,504.0,2013,12,7,5,49,4,1,388.0,726.0,519.0,389.0,465.85714285714283,469.73333333333335,143.60063668780433,175.31585945005827,97.48,False
2013-12-08,477.0,2013,12,8,6,49,4,1,504.0,736.0,702.0,379.0,428.85714285714283,473.0,82.95667256953713,174.4779405086439,97.48,True
2013-12-09,378.0,2013,12,9,0,50,4,0,477.0,421.0,282.0,644.0,422.7142857142857,464.1333333333333,85.197250123295,172.23274816430765,97.1,False
2013-12-10,330.0,2013,12,10,1,50,4,0,378.0,493.0,274.0,695.0,399.42857142857144,451.96666666666664,85.06048268312114,168.20666339118475,98.32,False
2013-12-11,508.0,2013,12,11,2,50,4,0,330.0,454.0,474.0,612.0,407.14285714285717,448.5,92.92008855539635,165.84990098029104,97.25,False
2013-12-12,502.0,2013,12,12,3,50,4,0,508.0,265.0,258.0,314.0,441.0,454.76666666666665,73.68174807915379,164.135495611218,97.21,False
2013-12-13,367.0,2013,12,13,4,50,4,0,502.0,388.0,363.0,343.0,438.0,455.56666666666666,76.57022920169352,163.6296666747564,96.27,False
2013-12-14,547.0,2013,12,14,5,50,4,1,367.0,504.0,726.0,295.0,444.14285714285717,463.96666666666664,84.10197891335699,161.55782211040545,96.27,False
2013-12-15,621.0,2013,12,15,6,50,4,1,547.0,477.0,736.0,400.0,464.7142857142857,471.3333333333333,107.76164173105074,163.56657051031453,96.27,False
2013-12-16,322.0,2013,12,16,0,51,4,0,621.0,378.0,421.0,683.0,456.7142857142857,459.3,116.95827501822177,160.71181103732386,97.18,False
2013-12-17,496.0,2013,12,17,1,51,4,0,322.0,330.0,493.0,921.0,480.42857142857144,445.1333333333333,102.97711257500688,135.33858774692925,96.99,False
2013-12-18,532.0,2013,12,18,2,51,4,0,496.0,508.0,454.0,447.0,483.85714285714283,447.96666666666664,104.43726756834836,136.2655833121564,97.59,False
2013-12-19,455.0,2013,12,19,3,51,4,0,532.0,502.0,265.0,401.0,477.14285714285717,449.76666666666665,104.58717029576866,135.98014138312496,98.4,False
2013-12-20,441.0,2013,12,20,4,51,4,0,455.0,367.0,388.0,481.0,487.7142857142857,448.43333333333334,94.88890747555637,135.85938047984672,99.11,False
2013-12-21,630.0,2013,12,21,5,51,4,1,441.0,547.0,504.0,199.0,499.57142857142856,462.8,107.83452932287348,131.28447658845045,99.11,True
2013-12-22,985.0,2013,12,22,6,51,4,1,630.0,621.0,477.0,419.0,551.5714285714286,481.6666666666667,212.81357815613893,161.87784524637445,99.11,True
2013-12-23,523.0,2013,12,23,0,52,4,0,985.0,322.0,378.0,519.0,580.2857142857143,481.8,188.89125115236226,161.91129968447908,98.62,True
2013-12-24,365.0,2013,12,24,1,52,4,0,523.0,496.0,330.0,702.0,561.5714285714286,470.56666666666666,204.47971141644445,157.7439398985349,98.87,True
2013-12-25,0.0,2013,12,25,2,52,4,0,365.0,532.0,508.0,282.0,485.57142857142856,461.1666666666667,295.783624260966,176.6387475228375,98.87,True
2013-12-26,418.0,2013,12,26,3,52,4,0,0.0,455.0,502.0,274.0,480.2857142857143,465.96666666666664,296.75001504392776,173.30230380969283,99.18,True
2013-12-27,419.0,2013,12,27,4,52,4,0,418.0,441.0,367.0,474.0,477.14285714285717,464.1333333333333,297.3513233934052,173.5051888985243,99.94,False
2013-12-28,499.0,2013,12,28,5,52,4,1,419.0,630.0,547.0,258.0,458.42857142857144,472.1666666666667,290.16309042953577,169.15674904397514,99.94,False
2013-12-29,552.0,2013,12,29,6,52,4,1,499.0,985.0,621.0,363.0,396.57142857142856,478.46666666666664,187.021261841942,168.46891319363235,99.94,False
2013-12-30,595.0,2013,12,30,0,1,4,0,552.0,523.0,322.0,726.0,406.85714285714283,474.1,196.85479299171095,163.45480235769477,98.9,False
2013-12-31,436.0,2013,12,31,1,1,4,0,595.0,365.0,496.0,736.0,417.0,464.1,196.16659586518085,155.88088954114255,98.17,True
2014-01-01,0.0,2014,1,1,2,1,1,0,436.0,0.0,532.0,421.0,417.0,450.06666666666666,196.16659586518085,177.3647971395896,98.17,True
2014-01-02,589.0,2014,1,2,3,1,1,0,0.0,418.0,455.0,493.0,441.42857142857144,453.26666666666665,206.67757267690882,179.0243546007912,95.14,False
2014-01-03,474.0,2014,1,3,4,1,1,0,589.0,419.0,441.0,454.0,449.2857142857143,453.93333333333334,206.72825503198953,179.06441401857612,93.66,False
2014-01-04,767.0,2014,1,4,5,1,1,1,474.0,499.0,630.0,265.0,487.57142857142856,470.6666666666667,239.6628584371922,184.18250569014097,93.66,False
2014-01-05,1203.0,2014,1,5,6,1,1,1,767.0,552.0,985.0,388.0,580.5714285714286,497.8333333333333,363.2661362063435,226.75447504740222,93.66,False
2014-01-06,399.0,2014,1,6,0,2,1,0,1203.0,595.0,523.0,504.0,552.5714285714286,494.3333333333333,369.46937497933305,227.4652430188163,93.12,False
2014-01-07,498.0,2014,1,7,1,2,1,0,399.0,436.0,365.0,477.0,561.4285714285714,495.03333333333336,366.9436183497664,227.44237365392866,93.31,False
2014-01-08,561.0,2014,1,8,2,2,1,0,498.0,0.0,0.0,378.0,641.5714285714286,501.1333333333333,273.16774891560516,226.647947164811,91.9,False
2014-01-09,239.0,2014,1,9,3,2,1,0,561.0,589.0,418.0,330.0,591.5714285714286,498.1,313.45486498210937,229.60691296813908,91.36,False
2014-01-10,438.0,2014,1,10,4,2,1,0,239.0,474.0,419.0,508.0,586.4285714285714,495.76666666666665,315.9904308376322,229.85837968767564,92.39,False
2014-01-11,619.0,2014,1,11,5,2,1,1,438.0,767.0,499.0,502.0,565.2857142857143,499.6666666666667,306.70980545444706,230.95772614131744,92.39,False
2014-01-12,533.0,2014,1,12,6,2,1,1,619.0,1203.0,552.0,367.0,469.57142857142856,505.2,125.60501203223927,229.65452314291565,92.39,False
2014-01-13,443.0,2014,1,13,0,3,1,0,533.0,399.0,595.0,547.0,475.85714285714283,501.73333333333335,122.54853266009668,229.78669769327723,91.45,False
2014-01-14,440.0,2014,1,14,1,3,1,0,443.0,498.0,436.0,621.0,467.57142857142856,495.7,122.76244966445957,228.92178305836396,92.15,False
2014-01-15,360.0,2014,1,15,2,3,1,0,440.0,561.0,0.0,322.0,438.85714285714283,496.96666666666664,120.75792392417188,228.03092399683547,93.78,False
2014-01-16,1168.0,2014,1,16,3,3,1,0,360.0,239.0,589.0,496.0,571.5714285714286,519.3666666666667,275.6536819651651,258.8553694611154,93.54,False
2014-01-17,506.0,2014,1,17,4,3,1,0,1168.0,438.0,474.0,532.0,581.2857142857143,518.5,271.32619623232983,258.855138559428,93.96,False
2014-01-18,720.0,2014,1,18,5,3,1,1,506.0,619.0,767.0,455.0,595.7142857142857,527.3333333333334,276.3058174593955,261.1250636200491,93.96,False
2014-01-19,561.0,2014,1,19,6,3,1,1,720.0,533.0,1203.0,441.0,599.7142857142857,531.3333333333334,275.44794685851525,260.67569140975536,93.96,False
2014-01-20,391.0,2014,1,20,0,4,1,0,561.0,443.0,399.0,630.0,592.2857142857143,523.3666666666667,281.023554342404,261.2078685160779,93.96,False
2014-01-21,421.0,2014,1,21,1,4,1,0,391.0,440.0,498.0,985.0,589.5714285714286,504.56666666666666,282.8255393600191,246.73225518185984,94.51,False
2014-01-22,519.0,2014,1,22,2,4,1,0,421.0,360.0,561.0,523.0,612.2857142857143,504.43333333333334,267.27246664887025,246.72303099424764,96.35,False
2014-01-23,231.0,2014,1,23,3,4,1,0,519.0,1168.0,239.0,365.0,478.42857142857144,499.96666666666664,152.61264379997795,250.51815039665465,97.23,False
2014-01-24,263.0,2014,1,24,4,4,1,0,231.0,506.0,438.0,0.0,443.7142857142857,508.73333333333335,171.73498409440236,236.63604140526434,96.66,False
2014-01-25,789.0,2014,1,25,5,4,1,1,263.0,720.0,619.0,418.0,453.57142857142856,521.1,191.12200042804835,241.37756230894135,96.66,False
2014-01-26,698.0,2014,1,26,6,4,1,1,789.0,561.0,533.0,419.0,473.14285714285717,530.4,210.03525781118134,242.6793826401836,96.66,False
2014-01-27,310.0,2014,1,27,0,5,1,0,698.0,391.0,443.0,499.0,461.57142857142856,524.1,217.41654118523792,245.95378736104337,95.82,False
2014-01-28,332.0,2014,1,28,1,5,1,0,310.0,421.0,440.0,552.0,448.85714285714283,516.7666666666667,222.72212026905348,248.36120571809738,97.49,False
2014-01-29,405.0,2014,1,29,2,5,1,0,332.0,519.0,360.0,595.0,432.57142857142856,510.43333333333334,220.89881329306763,248.71971253259926,97.34,False
2014-01-30,323.0,2014,1,30,3,5,1,0,405.0,231.0,1168.0,436.0,445.7142857142857,506.6666666666667,209.3415982596498,250.73331530193352,98.25,False
2014-01-31,456.0,2014,1,31,4,5,1,0,323.0,263.0,506.0,0.0,473.2857142857143,521.8666666666667,193.36641753047843,232.08748845823322,97.55,False
2014-02-01,732.0,2014,2,1,5,5,1,1,456.0,789.0,720.0,589.0,465.14285714285717,526.6333333333333,178.4828923374527,234.96448496613752,97.55,False
2014-02-02,704.0,2014,2,2,6,5,1,1,732.0,698.0,561.0,474.0,466.0,534.3,179.79710787440348,236.93199227946656,97.55,False
2014-02-03,395.0,2014,2,3,0,6,1,0,704.0,310.0,391.0,767.0,478.14285714285717,521.9,170.1150870944219,234.05044401758255,96.44,False
2014-02-04,313.0,2014,2,4,1,6,1,0,395.0,332.0,421.0,1203.0,475.42857142857144,492.23333333333335,172.96324960605247,198.4376360529897,97.24,False
2014-02-05,463.0,2014,2,5,2,6,1,0,313.0,405.0,519.0,399.0,483.7142857142857,494.3666666666667,170.3972948589208,197.74356144247523,97.4,False
2014-02-06,301.0,2014,2,6,3,6,1,0,463.0,323.0,231.0,498.0,480.57142857142856,487.8,174.01997695940625,200.86509454580826,97.84,False
2014-02-07,289.0,2014,2,7,4,6,1,0,301.0,456.0,263.0,561.0,456.7142857142857,478.73333333333335,188.77209741353366,203.56765093144605,99.98,False
2014-02-08,678.0,2014,2,8,5,6,1,1,289.0,732.0,789.0,239.0,449.0,493.3666666666667,176.34152469946832,201.50853209168855,99.98,False
2014-02-09,731.0,2014,2,9,6,6,1,1,678.0,704.0,698.0,438.0,452.85714285714283,503.1333333333333,183.0176936541275,205.78759275848796,99.98,False
2014-02-10,370.0,2014,2,10,0,7,1,0,731.0,395.0,310.0,619.0,449.2857142857143,494.8333333333333,184.57222099195923,205.97456879067786,100.12,False
2014-02-11,440.0,2014,2,11,1,7,1,0,370.0,313.0,332.0,533.0,467.42857142857144,491.73333333333335,174.93318452374592,206.0801540300701,99.96,False
2014-02-12,409.0,2014,2,12,2,7,1,0,440.0,463.0,405.0,443.0,459.7142857142857,490.6,176.34598028280837,206.45056183686825,100.38,False
2014-02-13,310.0,2014,2,13,3,7,1,0,409.0,301.0,323.0,440.0,461.0,486.26666666666665,175.023807904334,208.89907368991777,100.27,False
2014-02-14,258.0,2014,2,14,4,7,1,0,310.0,289.0,456.0,360.0,456.57142857142856,482.8666666666667,180.41051072748576,211.83447235556557,100.31,False
2014-02-15,650.0,2014,2,15,5,7,1,1,258.0,678.0,732.0,1168.0,452.57142857142856,465.6,174.90936428415029,171.29559045797055,100.31,False
2014-02-16,583.0,2014,2,16,6,7,1,1,650.0,731.0,704.0,506.0,431.42857142857144,468.1666666666667,141.37403951086242,172.49449433159478,100.31,False
2014-02-17,506.0,2014,2,17,0,8,1,0,583.0,370.0,395.0,720.0,450.85714285714283,461.03333333333336,140.8692402802781,166.0246104177563,100.31,False
2014-02-18,506.0,2014,2,18,1,8,1,0,506.0,440.0,313.0,561.0,460.2857142857143,459.2,142.2236669073446,165.18420230050785,102.54,False
2014-02-19,392.0,2014,2,19,2,8,1,0,506.0,409.0,463.0,391.0,457.85714285714283,459.23333333333335,143.38576006869044,165.17006561333255,103.46,False
2014-02-20,296.0,2014,2,20,3,8,1,0,392.0,310.0,301.0,421.0,455.85714285714283,455.06666666666666,145.8680094828063,167.72471973205182,103.2,False
2014-02-21,393.0,2014,2,21,4,8,1,0,296.0,258.0,289.0,519.0,475.14285714285717,450.8666666666667,122.38249952699972,167.64612428715935,102.53,False
2014-02-22,809.0,2014,2,22,5,8,1,1,393.0,650.0,678.0,231.0,497.85714285714283,470.1333333333333,166.90259491834183,174.57667682698616,102.53,False
2014-02-23,714.0,2014,2,23,6,8,1,1,809.0,583.0,731.0,263.0,516.5714285714286,485.1666666666667,184.46124899542536,175.54056085630774,102.53,False
2014-02-24,338.0,2014,2,24,0,9,1,0,714.0,506.0,370.0,789.0,492.57142857142856,470.1333333333333,196.59591140446508,167.7625031741727,103.17,False
2014-02-25,453.0,2014,2,25,1,9,1,0,338.0,506.0,440.0,698.0,485.0,461.96666666666664,197.01268994661206,162.1571148147913,102.2,False
2014-02-26,388.0,2014,2,26,2,9,1,0,453.0,392.0,409.0,310.0,484.42857142857144,464.56666666666666,197.33293114502104,160.2505975745128,102.93,False
2014-02-27,587.0,2014,2,27,3,9,1,0,388.0,296.0,310.0,332.0,526.0,473.06666666666666,180.99723754798012,159.73856514756304,102.68,False
2014-02-28,346.0,2014,2,28,4,9,1,0,587.0,393.0,258.0,405.0,519.2857142857143,471.1,187.5079680846604,160.96398183530317,102.88,False
2014-03-01,714.0,2014,3,1,5,9,1,1,346.0,809.0,650.0,323.0,505.7142857142857,484.1333333333333,165.14913894791584,164.3528024651873,102.88,False
2014-03-02,410.0,2014,3,2,6,9,1,1,714.0,714.0,583.0,456.0,462.2857142857143,482.6,139.17700275274638,164.8381860680554,102.88,True
2014-03-03,408.0,2014,3,3,0,10,1,0,410.0,338.0,506.0,732.0,472.2857142857143,471.8,131.03525516149455,158.42357017251834,105.34,True
2014-03-04,648.0,2014,3,4,1,10,1,0,408.0,453.0,506.0,704.0,500.14285714285717,469.93333333333334,146.11231817957525,155.90313821648064,103.64,True
2014-03-05,367.0,2014,3,5,2,10,1,0,648.0,388.0,392.0,395.0,497.14285714285717,469.0,148.9859373357413,156.450058132476,101.75,False
2014-03-06,492.0,2014,3,6,3,10,1,0,367.0,587.0,296.0,313.0,483.57142857142856,474.96666666666664,143.66843441625912,153.68428976164148,101.82,False
2014-03-07,410.0,2014,3,7,4,10,1,0,492.0,346.0,393.0,463.0,492.7142857142857,473.2,135.24387143935456,154.13057608001915,102.82,False
2014-03-08,572.0,2014,3,8,5,10,1,1,410.0,714.0,809.0,301.0,472.42857142857144,482.23333333333335,103.42768350052904,151.61104575657492,102.82,False
2014-03-09,731.0,2014,3,9,6,10,1,1,572.0,410.0,714.0,289.0,518.2857142857143,496.96666666666664,136.88524912703838,153.64816130128057,102.82,False
2014-03-10,437.0,2014,3,10,0,11,1,0,731.0,408.0,338.0,678.0,522.4285714285714,488.93333333333334,133.3852279962777,150.1162614576547,101.39,False
2014-03-11,509.0,2014,3,11,1,11,1,0,437.0,648.0,453.0,731.0,502.57142857142856,481.53333333333336,121.38211996673549,143.0788866887491,100.29,False
2014-03-12,317.0,2014,3,12,2,11,1,0,509.0,367.0,388.0,370.0,495.42857142857144,479.76666666666665,131.72048327532673,144.8201460869434,98.29,False
2014-03-13,254.0,2014,3,13,3,11,1,0,317.0,492.0,587.0,440.0,461.42857142857144,473.56666666666666,160.35674514745426,150.45326535994892,98.57,False
2014-03-14,243.0,2014,3,14,4,11,1,0,254.0,410.0,346.0,409.0,437.57142857142856,468.03333333333336,180.44745970582565,155.86499094504444,99.23,False
2014-03-15,535.0,2014,3,15,5,11,1,1,243.0,572.0,714.0,310.0,432.2857142857143,475.53333333333336,176.34881559541193,153.39215763196125,99.23,False
2014-03-16,726.0,2014,3,16,6,11,1,1,535.0,731.0,410.0,258.0,431.57142857142856,491.1333333333333,174.9417590160191,154.30125780731504,99.23,False
2014-03-17,285.0,2014,3,17,0,12,1,0,726.0,437.0,408.0,650.0,409.85714285714283,478.96666666666664,183.3852307497599,155.72621495107515,98.43,False
2014-03-18,353.0,2014,3,18,1,12,1,0,285.0,509.0,648.0,583.0,387.57142857142856,471.3,178.7492257725485,156.08908817811644,100.08,False
2014-03-19,346.0,2014,3,19,2,12,1,0,353.0,317.0,367.0,506.0,391.7142857142857,465.96666666666664,177.1700823932695,157.58883282099973,100.71,False
2014-03-20,139.0,2014,3,20,3,12,1,0,346.0,254.0,492.0,506.0,375.2857142857143,453.73333333333335,196.3608194843646,168.25758851223904,99.68,False
2014-03-21,456.0,2014,3,21,4,12,1,0,139.0,243.0,410.0,392.0,405.7142857142857,455.8666666666667,188.80299634426157,167.85312408283545,99.97,False
2014-03-22,567.0,2014,3,22,5,12,1,1,456.0,535.0,572.0,296.0,410.2857142857143,464.9,192.80016795092422,166.23733553007241,99.97,False
2014-03-23,603.0,2014,3,23,6,12,1,1,567.0,726.0,731.0,393.0,392.7142857142857,471.9,162.4466212695868,167.52176389744199,99.97,False
2014-03-24,371.0,2014,3,24,0,13,1,0,603.0,285.0,437.0,809.0,405.0,457.3,156.06942899449103,155.80627892265474,100.05,False
2014-03-25,392.0,2014,3,25,1,13,1,0,371.0,353.0,509.0,714.0,410.57142857142856,446.56666666666666,154.59286005812882,148.4291734809226,99.66,False
2014-03-26,432.0,2014,3,26,2,13,1,0,392.0,346.0,317.0,338.0,422.85714285714283,449.7,152.00156640796837,147.0440117084347,100.61,False
2014-03-27,328.0,2014,3,27,3,13,1,0,432.0,139.0,254.0,453.0,449.85714285714283,445.53333333333336,101.60942963365181,148.70886468795848,101.25,False
2014-03-28,523.0,2014,3,28,4,13,1,0,328.0,456.0,243.0,388.0,459.42857142857144,450.03333333333336,105.37054797690024,148.95023083019294,101.73,False
2014-03-29,647.0,2014,3,29,5,13,1,1,523.0,567.0,535.0,587.0,470.85714285714283,452.03333333333336,122.00741585579702,151.2379908788047,101.73,False
2014-03-30,599.0,2014,3,30,6,13,1,1,647.0,603.0,726.0,346.0,470.2857142857143,460.46666666666664,121.29264100473955,152.17248229498014,101.73,False
2014-03-31,415.0,2014,3,31,0,14,1,0,599.0,371.0,285.0,714.0,476.57142857142856,450.5,116.32835301114508,144.59759858739469,101.57,False
